"ID","Index","Transform","R2","P"
"1","MSI","No",0.544077017969779,0.000999000999000999
"2","MSI","Log",0.311450684360364,0.000999000999000999
